_id,Date,Time,CAN ID,DLC,Message
1,2023-01-24,14:37:09.146393,18FECA96,8,00 FF 00 00 00 00 FF FF 
2,2023-01-24,14:37:09.154191,18FECA97,8,00 FF 00 00 00 00 FF FF 
3,2023-01-24,14:37:10.145083,18FECA96,8,00 FF 00 00 00 00 FF FF 
4,2023-01-24,14:37:10.150667,18FECA97,8,00 FF 00 00 00 00 FF FF 
5,2023-01-24,14:37:11.138495,18FECA96,8,00 FF 00 00 00 00 FF FF 
6,2023-01-24,14:37:11.146299,18FECA97,8,00 FF 00 00 00 00 FF FF 
7,2023-01-24,14:37:12.134871,18FECA96,8,00 FF 00 00 00 00 FF FF 
8,2023-01-24,14:37:12.141936,18FECA97,8,00 FF 00 00 00 00 FF FF 
9,2023-01-24,14:37:13.131434,18FECA96,8,00 FF 00 00 00 00 FF FF 
10,2023-01-24,14:37:13.138576,18FECA97,8,00 FF 00 00 00 00 FF FF 
11,2023-01-24,14:37:14.127838,18FECA96,8,00 FF 00 00 00 00 FF FF 
12,2023-01-24,14:37:14.135798,18FECA97,8,00 FF 00 00 00 00 FF FF 
13,2023-01-24,14:37:15.124494,18FECA96,8,00 FF 00 00 00 00 FF FF 
14,2023-01-24,14:37:15.131944,18FECA97,8,00 FF 00 00 00 00 FF FF 
15,2023-01-24,14:37:16.120889,18FECA96,8,00 FF 00 00 00 00 FF FF 
16,2023-01-24,14:37:16.128390,18FECA97,8,00 FF 00 00 00 00 FF FF 
17,2023-01-24,14:37:17.118173,18FECA96,8,00 FF 00 00 00 00 FF FF 
18,2023-01-24,14:37:17.126624,18FECA97,8,00 FF 00 00 00 00 FF FF 
19,2023-01-24,14:37:18.114681,18FECA96,8,00 FF 00 00 00 00 FF FF 
20,2023-01-24,14:37:18.123078,18FECA97,8,00 FF 00 00 00 00 FF FF 
21,2023-01-24,14:37:19.111002,18FECA96,8,00 FF 00 00 00 00 FF FF 
22,2023-01-24,14:37:19.119224,18FECA97,8,00 FF 00 00 00 00 FF FF 
23,2023-01-24,14:37:20.107511,18FECA96,8,00 FF 00 00 00 00 FF FF 
24,2023-01-24,14:37:20.115808,18FECA97,8,00 FF 00 00 00 00 FF FF 
25,2023-01-24,14:37:21.104003,18FECA96,8,00 FF 00 00 00 00 FF FF 
26,2023-01-24,14:37:21.112181,18FECA97,8,00 FF 00 00 00 00 FF FF 
27,2023-01-24,14:37:22.098311,18FECA96,8,00 FF 00 00 00 00 FF FF 
28,2023-01-24,14:37:22.103505,18FECA97,8,00 FF 00 00 00 00 FF FF 
29,2023-01-24,14:37:23.095816,18FECA96,8,00 FF 00 00 00 00 FF FF 
30,2023-01-24,14:37:23.104564,18FECA97,8,00 FF 00 00 00 00 FF FF 
31,2023-01-24,14:37:24.093729,18FECA96,8,00 FF 00 00 00 00 FF FF 
32,2023-01-24,14:37:24.102760,18FECA97,8,00 FF 00 00 00 00 FF FF 
33,2023-01-24,14:37:25.090295,18FECA96,8,00 FF 00 00 00 00 FF FF 
34,2023-01-24,14:37:25.097937,18FECA97,8,00 FF 00 00 00 00 FF FF 
35,2023-01-24,14:37:26.086698,18FECA96,8,00 FF 00 00 00 00 FF FF 
36,2023-01-24,14:37:26.095368,18FECA97,8,00 FF 00 00 00 00 FF FF 
37,2023-01-24,14:37:26.247426,18EAFFFE,3,00 EE 00 
38,2023-01-24,14:37:26.254899,18EEFF96,8,88 06 20 5A 04 81 0C A0 
39,2023-01-24,14:37:26.261246,18EEFF97,8,88 06 20 5A 0C 81 0C A0 
40,2023-01-24,14:37:27.244224,18FECA96,8,00 FF 00 00 00 00 FF FF 
41,2023-01-24,14:37:27.251206,18FECA97,8,00 FF 00 00 00 00 FF FF 
42,2023-01-24,14:37:27.528613,18EEFF80,8,C8 09 AE 46 00 80 0C A0 
43,2023-01-24,14:37:28.523093,18FECA96,8,00 FF 00 00 00 00 FF FF 
44,2023-01-24,14:37:28.531912,18FECA97,8,00 FF 00 00 00 00 FF FF 
45,2023-01-24,14:37:29.519605,18FECA96,8,00 FF 00 00 00 00 FF FF 
46,2023-01-24,14:37:29.528001,18FECA97,8,00 FF 00 00 00 00 FF FF 
47,2023-01-24,14:37:30.515952,18FECA96,8,00 FF 00 00 00 00 FF FF 
48,2023-01-24,14:37:30.524867,18FECA97,8,00 FF 00 00 00 00 FF FF 
49,2023-01-24,14:37:31.512530,18FECA96,8,00 FF 00 00 00 00 FF FF 
50,2023-01-24,14:37:31.520778,18FECA97,8,00 FF 00 00 00 00 FF FF 
51,2023-01-24,14:37:32.508070,18FECA96,8,00 FF 00 00 00 00 FF FF 
52,2023-01-24,14:37:32.514652,18FECA97,8,00 FF 00 00 00 00 FF FF 
53,2023-01-24,14:37:33.503224,18FECA96,8,00 FF 00 00 00 00 FF FF 
54,2023-01-24,14:37:33.508411,18FECA97,8,00 FF 00 00 00 00 FF FF 
55,2023-01-24,14:37:34.501107,18FECA96,8,00 FF 00 00 00 00 FF FF 
56,2023-01-24,14:37:34.511757,18FECA97,8,00 FF 00 00 00 00 FF FF 
57,2023-01-24,14:37:35.496518,18FECA96,8,00 FF 00 00 00 00 FF FF 
58,2023-01-24,14:37:35.500518,18FECA97,8,00 FF 00 00 00 00 FF FF 
59,2023-01-24,14:37:36.492924,18FECA96,8,00 FF 00 00 00 00 FF FF 
60,2023-01-24,14:37:36.498973,18FECA97,8,00 FF 00 00 00 00 FF FF 
61,2023-01-24,14:37:37.489125,18FECA96,8,00 FF 00 00 00 00 FF FF 
62,2023-01-24,14:37:37.522988,18FECA97,8,00 FF 00 00 00 00 FF FF 
63,2023-01-24,14:37:38.485877,18FECA96,8,00 FF 00 00 00 00 FF FF 
64,2023-01-24,14:37:38.492935,18FECA97,8,00 FF 00 00 00 00 FF FF 
65,2023-01-24,14:37:39.482660,18FECA96,8,00 FF 00 00 00 00 FF FF 
66,2023-01-24,14:37:39.489575,18FECA97,8,00 FF 00 00 00 00 FF FF 
67,2023-01-24,14:37:40.479357,18FECA96,8,00 FF 00 00 00 00 FF FF 
68,2023-01-24,14:37:40.487013,18FECA97,8,00 FF 00 00 00 00 FF FF 
69,2023-01-24,14:37:41.475585,18FECA96,8,00 FF 00 00 00 00 FF FF 
70,2023-01-24,14:37:41.482955,18FECA97,8,00 FF 00 00 00 00 FF FF 
71,2023-01-24,14:37:42.472317,18FECA96,8,00 FF 00 00 00 00 FF FF 
72,2023-01-24,14:37:42.480295,18FECA97,8,00 FF 00 00 00 00 FF FF 
73,2023-01-24,14:37:43.469230,18FECA96,8,00 FF 00 00 00 00 FF FF 
74,2023-01-24,14:37:43.480527,18FECA97,8,00 FF 00 00 00 00 FF FF 
75,2023-01-24,14:37:44.464442,18FECA96,8,00 FF 00 00 00 00 FF FF 
76,2023-01-24,14:37:44.469389,18FECA97,8,00 FF 00 00 00 00 FF FF 
77,2023-01-24,14:37:45.461017,18FECA96,8,00 FF 00 00 00 00 FF FF 
78,2023-01-24,14:37:45.466117,18FECA97,8,00 FF 00 00 00 00 FF FF 
79,2023-01-24,14:37:46.457444,18FECA96,8,00 FF 00 00 00 00 FF FF 
80,2023-01-24,14:37:46.462487,18FECA97,8,00 FF 00 00 00 00 FF FF 
81,2023-01-24,14:37:47.454342,18FECA96,8,00 FF 00 00 00 00 FF FF 
82,2023-01-24,14:37:47.460217,18FECA97,8,00 FF 00 00 00 00 FF FF 
83,2023-01-24,14:37:48.450804,18FECA96,8,00 FF 00 00 00 00 FF FF 
84,2023-01-24,14:37:48.456399,18FECA97,8,00 FF 00 00 00 00 FF FF 
85,2023-01-24,14:37:49.446745,18FECA96,8,00 FF 00 00 00 00 FF FF 
86,2023-01-24,14:37:49.452455,18FECA97,8,00 FF 00 00 00 00 FF FF 
87,2023-01-24,14:37:50.443126,18FECA96,8,00 FF 00 00 00 00 FF FF 
88,2023-01-24,14:37:50.449304,18FECA97,8,00 FF 00 00 00 00 FF FF 
89,2023-01-24,14:37:51.440010,18FECA96,8,00 FF 00 00 00 00 FF FF 
90,2023-01-24,14:37:51.448460,18FECA97,8,00 FF 00 00 00 00 FF FF 
91,2023-01-24,14:37:52.440615,18FECA96,8,00 FF 00 00 00 00 FF FF 
92,2023-01-24,14:37:52.444710,18FECA97,8,00 FF 00 00 00 00 FF FF 
93,2023-01-24,14:37:53.433863,18FECA96,8,00 FF 00 00 00 00 FF FF 
94,2023-01-24,14:37:53.441098,18FECA97,8,00 FF 00 00 00 00 FF FF 
95,2023-01-24,14:37:54.429127,18FECA96,8,00 FF 00 00 00 00 FF FF 
96,2023-01-24,14:37:54.434385,18FECA97,8,00 FF 00 00 00 00 FF FF 
97,2023-01-24,14:37:55.425998,18FECA96,8,00 FF 00 00 00 00 FF FF 
98,2023-01-24,14:37:55.431856,18FECA97,8,00 FF 00 00 00 00 FF FF 
99,2023-01-24,14:37:56.422729,18FECA96,8,00 FF 00 00 00 00 FF FF 
100,2023-01-24,14:37:56.428716,18FECA97,8,00 FF 00 00 00 00 FF FF 
101,2023-01-24,14:37:57.418841,18FECA96,8,00 FF 00 00 00 00 FF FF 
102,2023-01-24,14:37:57.424665,18FECA97,8,00 FF 00 00 00 00 FF FF 
103,2023-01-24,14:37:58.415268,18FECA96,8,00 FF 00 00 00 00 FF FF 
104,2023-01-24,14:37:58.421054,18FECA97,8,00 FF 00 00 00 00 FF FF 
105,2023-01-24,14:37:59.411938,18FECA96,8,00 FF 00 00 00 00 FF FF 
106,2023-01-24,14:37:59.417855,18FECA97,8,00 FF 00 00 00 00 FF FF 
107,2023-01-24,14:38:00.408789,18FECA96,8,00 FF 00 00 00 00 FF FF 
108,2023-01-24,14:38:00.415713,18FECA97,8,00 FF 00 00 00 00 FF FF 
109,2023-01-24,14:38:00.570127,18EAFFFE,3,00 EE 00 
110,2023-01-24,14:38:00.577824,18EEFF96,8,88 06 20 5A 04 81 0C A0 
111,2023-01-24,14:38:00.581178,18EEFF97,8,88 06 20 5A 0C 81 0C A0 
112,2023-01-24,14:38:01.563644,18FECA96,8,00 FF 00 00 00 00 FF FF 
113,2023-01-24,14:38:01.568737,18FECA97,8,00 FF 00 00 00 00 FF FF 
114,2023-01-24,14:38:01.850942,18EEFF80,8,C8 09 AE 46 00 80 0C A0 
115,2023-01-24,14:38:02.844349,18FECA96,8,00 FF 00 00 00 00 FF FF 
116,2023-01-24,14:38:02.850001,18FECA97,8,00 FF 00 00 00 00 FF FF 
117,2023-01-24,14:38:03.840226,18FECA96,8,00 FF 00 00 00 00 FF FF 
118,2023-01-24,14:38:03.846034,18FECA97,8,00 FF 00 00 00 00 FF FF 
119,2023-01-24,14:38:04.837556,18FECA96,8,00 FF 00 00 00 00 FF FF 
120,2023-01-24,14:38:04.845479,18FECA97,8,00 FF 00 00 00 00 FF FF 
121,2023-01-24,14:38:05.834030,18FECA96,8,00 FF 00 00 00 00 FF FF 
122,2023-01-24,14:38:05.841374,18FECA97,8,00 FF 00 00 00 00 FF FF 
123,2023-01-24,14:38:06.830530,18FECA96,8,00 FF 00 00 00 00 FF FF 
124,2023-01-24,14:38:06.837940,18FECA97,8,00 FF 00 00 00 00 FF FF 
125,2023-01-24,14:38:07.826603,18FECA96,8,00 FF 00 00 00 00 FF FF 
126,2023-01-24,14:38:07.833413,18FECA97,8,00 FF 00 00 00 00 FF FF 
127,2023-01-24,14:38:08.822321,18FECA96,8,00 FF 00 00 00 00 FF FF 
128,2023-01-24,14:38:08.827285,18FECA97,8,00 FF 00 00 00 00 FF FF 
129,2023-01-24,14:38:09.818852,18FECA96,8,00 FF 00 00 00 00 FF FF 
130,2023-01-24,14:38:09.823863,18FECA97,8,00 FF 00 00 00 00 FF FF 
131,2023-01-24,14:38:10.816459,18FECA96,8,00 FF 00 00 00 00 FF FF 
132,2023-01-24,14:38:10.823816,18FECA97,8,00 FF 00 00 00 00 FF FF 
133,2023-01-24,14:38:11.813017,18FECA96,8,00 FF 00 00 00 00 FF FF 
134,2023-01-24,14:38:11.820565,18FECA97,8,00 FF 00 00 00 00 FF FF 
135,2023-01-24,14:38:12.814206,18FECA96,8,00 FF 00 00 00 00 FF FF 
136,2023-01-24,14:38:12.819953,18FECA97,8,00 FF 00 00 00 00 FF FF 
137,2023-01-24,14:38:13.806114,18FECA96,8,00 FF 00 00 00 00 FF FF 
138,2023-01-24,14:38:13.814097,18FECA97,8,00 FF 00 00 00 00 FF FF 
139,2023-01-24,14:38:14.802536,18FECA96,8,00 FF 00 00 00 00 FF FF 
140,2023-01-24,14:38:14.815143,18FECA97,8,00 FF 00 00 00 00 FF FF 
141,2023-01-24,14:38:15.800283,18FECA96,8,00 FF 00 00 00 00 FF FF 
142,2023-01-24,14:38:15.809836,18FECA97,8,00 FF 00 00 00 00 FF FF 
143,2023-01-24,14:38:16.795454,18FECA96,8,00 FF 00 00 00 00 FF FF 
144,2023-01-24,14:38:16.804989,18FECA97,8,00 FF 00 00 00 00 FF FF 
145,2023-01-24,14:38:17.792176,18FECA96,8,00 FF 00 00 00 00 FF FF 
146,2023-01-24,14:38:17.799925,18FECA97,8,00 FF 00 00 00 00 FF FF 
147,2023-01-24,14:38:18.787385,18FECA96,8,00 FF 00 00 00 00 FF FF 
148,2023-01-24,14:38:18.792545,18FECA97,8,00 FF 00 00 00 00 FF FF 
149,2023-01-24,14:38:19.786336,18FECA96,8,00 FF 00 00 00 00 FF FF 
150,2023-01-24,14:38:19.794177,18FECA97,8,00 FF 00 00 00 00 FF FF 
151,2023-01-24,14:38:20.780334,18FECA96,8,00 FF 00 00 00 00 FF FF 
152,2023-01-24,14:38:20.785460,18FECA97,8,00 FF 00 00 00 00 FF FF 
153,2023-01-24,14:38:21.777473,18FECA96,8,00 FF 00 00 00 00 FF FF 
154,2023-01-24,14:38:21.784438,18FECA97,8,00 FF 00 00 00 00 FF FF 
155,2023-01-24,14:38:22.774096,18FECA96,8,00 FF 00 00 00 00 FF FF 
156,2023-01-24,14:38:22.781599,18FECA97,8,00 FF 00 00 00 00 FF FF 
157,2023-01-24,14:38:23.770615,18FECA96,8,00 FF 00 00 00 00 FF FF 
158,2023-01-24,14:38:23.777758,18FECA97,8,00 FF 00 00 00 00 FF FF 
159,2023-01-24,14:38:24.766530,18FECA96,8,00 FF 00 00 00 00 FF FF 
160,2023-01-24,14:38:24.773619,18FECA97,8,00 FF 00 00 00 00 FF FF 
161,2023-01-24,14:38:25.763462,18FECA96,8,00 FF 00 00 00 00 FF FF 
162,2023-01-24,14:38:25.770692,18FECA97,8,00 FF 00 00 00 00 FF FF 
163,2023-01-24,14:38:26.759790,18FECA96,8,00 FF 00 00 00 00 FF FF 
164,2023-01-24,14:38:26.766984,18FECA97,8,00 FF 00 00 00 00 FF FF 
165,2023-01-24,14:38:27.756092,18FECA96,8,00 FF 00 00 00 00 FF FF 
166,2023-01-24,14:38:27.763398,18FECA97,8,00 FF 00 00 00 00 FF FF 
167,2023-01-24,14:38:28.752314,18FECA96,8,00 FF 00 00 00 00 FF FF 
168,2023-01-24,14:38:28.759510,18FECA97,8,00 FF 00 00 00 00 FF FF 
169,2023-01-24,14:38:29.748625,18FECA96,8,00 FF 00 00 00 00 FF FF 
170,2023-01-24,14:38:29.756412,18FECA97,8,00 FF 00 00 00 00 FF FF 
171,2023-01-24,14:38:30.744929,18FECA96,8,00 FF 00 00 00 00 FF FF 
172,2023-01-24,14:38:30.752343,18FECA97,8,00 FF 00 00 00 00 FF FF 
173,2023-01-24,14:38:31.741302,18FECA96,8,00 FF 00 00 00 00 FF FF 
174,2023-01-24,14:38:31.748450,18FECA97,8,00 FF 00 00 00 00 FF FF 
175,2023-01-24,14:38:32.737741,18FECA96,8,00 FF 00 00 00 00 FF FF 
176,2023-01-24,14:38:32.745286,18FECA97,8,00 FF 00 00 00 00 FF FF 
177,2023-01-24,14:38:33.734075,18FECA96,8,00 FF 00 00 00 00 FF FF 
178,2023-01-24,14:38:33.744058,18FECA97,8,00 FF 00 00 00 00 FF FF 
179,2023-01-24,14:38:34.730457,18FECA96,8,00 FF 00 00 00 00 FF FF 
180,2023-01-24,14:38:34.738817,18FECA97,8,00 FF 00 00 00 00 FF FF 
181,2023-01-24,14:38:34.895401,18EAFFFE,3,00 EE 00 
182,2023-01-24,14:38:34.901824,18EEFF96,8,88 06 20 5A 04 81 0C A0 
183,2023-01-24,14:38:34.905940,18EEFF97,8,88 06 20 5A 0C 81 0C A0 
184,2023-01-24,14:38:35.895031,18FECA96,8,00 FF 00 00 00 00 FF FF 
185,2023-01-24,14:38:35.902298,18FECA97,8,00 FF 00 00 00 00 FF FF 
186,2023-01-24,14:38:36.176646,18EEFF80,8,C8 09 AE 46 00 80 0C A0 
187,2023-01-24,14:38:37.172822,18FECA96,8,00 FF 00 00 00 00 FF FF 
188,2023-01-24,14:38:37.181147,18FECA97,8,00 FF 00 00 00 00 FF FF 
189,2023-01-24,14:38:38.169096,18FECA96,8,00 FF 00 00 00 00 FF FF 
190,2023-01-24,14:38:38.177752,18FECA97,8,00 FF 00 00 00 00 FF FF 
191,2023-01-24,14:38:39.165491,18FECA96,8,00 FF 00 00 00 00 FF FF 
192,2023-01-24,14:38:39.173983,18FECA97,8,00 FF 00 00 00 00 FF FF 
193,2023-01-24,14:38:40.161884,18FECA96,8,00 FF 00 00 00 00 FF FF 
194,2023-01-24,14:38:40.169856,18FECA97,8,00 FF 00 00 00 00 FF FF 
195,2023-01-24,14:38:41.160534,18FECA96,8,00 FF 00 00 00 00 FF FF 
196,2023-01-24,14:38:41.167376,18FECA97,8,00 FF 00 00 00 00 FF FF 
197,2023-01-24,14:38:42.153617,18FECA96,8,00 FF 00 00 00 00 FF FF 
198,2023-01-24,14:38:42.161902,18FECA97,8,00 FF 00 00 00 00 FF FF 
199,2023-01-24,14:38:43.150123,18FECA96,8,00 FF 00 00 00 00 FF FF 
200,2023-01-24,14:38:43.158991,18FECA97,8,00 FF 00 00 00 00 FF FF 
201,2023-01-24,14:38:44.148101,18FECA96,8,00 FF 00 00 00 00 FF FF 
202,2023-01-24,14:38:44.157114,18FECA97,8,00 FF 00 00 00 00 FF FF 
203,2023-01-24,14:38:45.144010,18FECA96,8,00 FF 00 00 00 00 FF FF 
204,2023-01-24,14:38:45.152600,18FECA97,8,00 FF 00 00 00 00 FF FF 
205,2023-01-24,14:38:46.140583,18FECA96,8,00 FF 00 00 00 00 FF FF 
206,2023-01-24,14:38:46.149695,18FECA97,8,00 FF 00 00 00 00 FF FF 
207,2023-01-24,14:38:47.136962,18FECA96,8,00 FF 00 00 00 00 FF FF 
208,2023-01-24,14:38:47.145508,18FECA97,8,00 FF 00 00 00 00 FF FF 
209,2023-01-24,14:38:48.132124,18FECA96,8,00 FF 00 00 00 00 FF FF 
210,2023-01-24,14:38:48.139583,18FECA97,8,00 FF 00 00 00 00 FF FF 
211,2023-01-24,14:38:49.129913,18FECA96,8,00 FF 00 00 00 00 FF FF 
212,2023-01-24,14:38:49.138425,18FECA97,8,00 FF 00 00 00 00 FF FF 
213,2023-01-24,14:38:50.126365,18FECA96,8,00 FF 00 00 00 00 FF FF 
214,2023-01-24,14:38:50.134611,18FECA97,8,00 FF 00 00 00 00 FF FF 
215,2023-01-24,14:38:51.122430,18FECA96,8,00 FF 00 00 00 00 FF FF 
216,2023-01-24,14:38:51.130598,18FECA97,8,00 FF 00 00 00 00 FF FF 
217,2023-01-24,14:38:52.119177,18FECA96,8,00 FF 00 00 00 00 FF FF 
218,2023-01-24,14:38:52.127301,18FECA97,8,00 FF 00 00 00 00 FF FF 
219,2023-01-24,14:38:53.114512,18FECA96,8,00 FF 00 00 00 00 FF FF 
220,2023-01-24,14:38:53.123800,18FECA97,8,00 FF 00 00 00 00 FF FF 
221,2023-01-24,14:38:54.111080,18FECA96,8,00 FF 00 00 00 00 FF FF 
222,2023-01-24,14:38:54.120366,18FECA97,8,00 FF 00 00 00 00 FF FF 
223,2023-01-24,14:38:55.108688,18FECA96,8,00 FF 00 00 00 00 FF FF 
224,2023-01-24,14:38:55.117235,18FECA97,8,00 FF 00 00 00 00 FF FF 
225,2023-01-24,14:38:56.105197,18FECA96,8,00 FF 00 00 00 00 FF FF 
226,2023-01-24,14:38:56.113685,18FECA97,8,00 FF 00 00 00 00 FF FF 
227,2023-01-24,14:38:57.101752,18FECA96,8,00 FF 00 00 00 00 FF FF 
228,2023-01-24,14:38:57.112679,18FECA97,8,00 FF 00 00 00 00 FF FF 
229,2023-01-24,14:38:58.098272,18FECA96,8,00 FF 00 00 00 00 FF FF 
230,2023-01-24,14:38:58.106901,18FECA97,8,00 FF 00 00 00 00 FF FF 
231,2023-01-24,14:38:59.094642,18FECA96,8,00 FF 00 00 00 00 FF FF 
232,2023-01-24,14:38:59.103596,18FECA97,8,00 FF 00 00 00 00 FF FF 
233,2023-01-24,14:39:00.091297,18FECA96,8,00 FF 00 00 00 00 FF FF 
234,2023-01-24,14:39:00.100263,18FECA97,8,00 FF 00 00 00 00 FF FF 
235,2023-01-24,14:39:01.087368,18FECA96,8,00 FF 00 00 00 00 FF FF 
236,2023-01-24,14:39:01.096347,18FECA97,8,00 FF 00 00 00 00 FF FF 
237,2023-01-24,14:39:02.084080,18FECA96,8,00 FF 00 00 00 00 FF FF 
238,2023-01-24,14:39:02.093177,18FECA97,8,00 FF 00 00 00 00 FF FF 
239,2023-01-24,14:39:03.080632,18FECA96,8,00 FF 00 00 00 00 FF FF 
240,2023-01-24,14:39:03.088883,18FECA97,8,00 FF 00 00 00 00 FF FF 
241,2023-01-24,14:39:04.076963,18FECA96,8,00 FF 00 00 00 00 FF FF 
242,2023-01-24,14:39:04.085511,18FECA97,8,00 FF 00 00 00 00 FF FF 
243,2023-01-24,14:39:05.073383,18FECA96,8,00 FF 00 00 00 00 FF FF 
244,2023-01-24,14:39:05.081964,18FECA97,8,00 FF 00 00 00 00 FF FF 
245,2023-01-24,14:39:06.069918,18FECA96,8,00 FF 00 00 00 00 FF FF 
246,2023-01-24,14:39:06.077173,18FECA97,8,00 FF 00 00 00 00 FF FF 
247,2023-01-24,14:39:07.066315,18FECA96,8,00 FF 00 00 00 00 FF FF 
248,2023-01-24,14:39:07.073749,18FECA97,8,00 FF 00 00 00 00 FF FF 
249,2023-01-24,14:39:08.062741,18FECA96,8,00 FF 00 00 00 00 FF FF 
250,2023-01-24,14:39:08.071086,18FECA97,8,00 FF 00 00 00 00 FF FF 
251,2023-01-24,14:39:09.059306,18FECA96,8,00 FF 00 00 00 00 FF FF 
252,2023-01-24,14:39:09.066796,18FECA97,8,00 FF 00 00 00 00 FF FF 
253,2023-01-24,14:39:09.219452,18EAFFFE,3,00 EE 00 
254,2023-01-24,14:39:09.227273,18EEFF96,8,88 06 20 5A 04 81 0C A0 
255,2023-01-24,14:39:09.231936,18EEFF97,8,88 06 20 5A 0C 81 0C A0 
256,2023-01-24,14:39:10.215267,18FECA96,8,00 FF 00 00 00 00 FF FF 
257,2023-01-24,14:39:10.223568,18FECA97,8,00 FF 00 00 00 00 FF FF 
258,2023-01-24,14:39:10.500965,18EEFF80,8,C8 09 AE 46 00 80 0C A0 
259,2023-01-24,14:39:11.495796,18FECA96,8,00 FF 00 00 00 00 FF FF 
260,2023-01-24,14:39:11.507059,18FECA97,8,00 FF 00 00 00 00 FF FF 
261,2023-01-24,14:39:12.492173,18FECA96,8,00 FF 00 00 00 00 FF FF 
262,2023-01-24,14:39:12.500583,18FECA97,8,00 FF 00 00 00 00 FF FF 
263,2023-01-24,14:39:13.488410,18FECA96,8,00 FF 00 00 00 00 FF FF 
264,2023-01-24,14:39:13.497930,18FECA97,8,00 FF 00 00 00 00 FF FF 
265,2023-01-24,14:39:14.484759,18FECA96,8,00 FF 00 00 00 00 FF FF 
266,2023-01-24,14:39:14.496386,18FECA97,8,00 FF 00 00 00 00 FF FF 
267,2023-01-24,14:39:15.481372,18FECA96,8,00 FF 00 00 00 00 FF FF 
268,2023-01-24,14:39:15.489994,18FECA97,8,00 FF 00 00 00 00 FF FF 
269,2023-01-24,14:39:16.477445,18FECA96,8,00 FF 00 00 00 00 FF FF 
270,2023-01-24,14:39:16.486723,18FECA97,8,00 FF 00 00 00 00 FF FF 
271,2023-01-24,14:39:17.473038,18FECA96,8,00 FF 00 00 00 00 FF FF 
272,2023-01-24,14:39:17.480273,18FECA97,8,00 FF 00 00 00 00 FF FF 
273,2023-01-24,14:39:18.469283,18FECA96,8,00 FF 00 00 00 00 FF FF 
274,2023-01-24,14:39:18.476556,18FECA97,8,00 FF 00 00 00 00 FF FF 
275,2023-01-24,14:39:19.465875,18FECA96,8,00 FF 00 00 00 00 FF FF 
276,2023-01-24,14:39:19.473449,18FECA97,8,00 FF 00 00 00 00 FF FF 
277,2023-01-24,14:39:20.462292,18FECA96,8,00 FF 00 00 00 00 FF FF 
278,2023-01-24,14:39:20.469855,18FECA97,8,00 FF 00 00 00 00 FF FF 
279,2023-01-24,14:39:21.460374,18FECA96,8,00 FF 00 00 00 00 FF FF 
280,2023-01-24,14:39:21.469326,18FECA97,8,00 FF 00 00 00 00 FF FF 
281,2023-01-24,14:39:22.456739,18FECA96,8,00 FF 00 00 00 00 FF FF 
282,2023-01-24,14:39:22.465084,18FECA97,8,00 FF 00 00 00 00 FF FF 
283,2023-01-24,14:39:23.453200,18FECA96,8,00 FF 00 00 00 00 FF FF 
284,2023-01-24,14:39:23.463938,18FECA97,8,00 FF 00 00 00 00 FF FF 
285,2023-01-24,14:39:24.449456,18FECA96,8,00 FF 00 00 00 00 FF FF 
286,2023-01-24,14:39:24.457241,18FECA97,8,00 FF 00 00 00 00 FF FF 
287,2023-01-24,14:39:25.445824,18FECA96,8,00 FF 00 00 00 00 FF FF 
288,2023-01-24,14:39:25.454983,18FECA97,8,00 FF 00 00 00 00 FF FF 
289,2023-01-24,14:39:26.442250,18FECA96,8,00 FF 00 00 00 00 FF FF 
290,2023-01-24,14:39:26.449800,18FECA97,8,00 FF 00 00 00 00 FF FF 
291,2023-01-24,14:39:27.437416,18FECA96,8,00 FF 00 00 00 00 FF FF 
292,2023-01-24,14:39:27.445648,18FECA97,8,00 FF 00 00 00 00 FF FF 
293,2023-01-24,14:39:28.435045,18FECA96,8,00 FF 00 00 00 00 FF FF 
294,2023-01-24,14:39:28.443429,18FECA97,8,00 FF 00 00 00 00 FF FF 
295,2023-01-24,14:39:29.431580,18FECA96,8,00 FF 00 00 00 00 FF FF 
296,2023-01-24,14:39:29.439319,18FECA97,8,00 FF 00 00 00 00 FF FF 
297,2023-01-24,14:39:30.427918,18FECA96,8,00 FF 00 00 00 00 FF FF 
298,2023-01-24,14:39:30.438324,18FECA97,8,00 FF 00 00 00 00 FF FF 
299,2023-01-24,14:39:31.424058,18FECA96,8,00 FF 00 00 00 00 FF FF 
300,2023-01-24,14:39:31.432479,18FECA97,8,00 FF 00 00 00 00 FF FF 
301,2023-01-24,14:39:32.420535,18FECA96,8,00 FF 00 00 00 00 FF FF 
302,2023-01-24,14:39:32.428772,18FECA97,8,00 FF 00 00 00 00 FF FF 
303,2023-01-24,14:39:33.417397,18FECA96,8,00 FF 00 00 00 00 FF FF 
304,2023-01-24,14:39:33.425654,18FECA97,8,00 FF 00 00 00 00 FF FF 
305,2023-01-24,14:39:34.413914,18FECA96,8,00 FF 00 00 00 00 FF FF 
306,2023-01-24,14:39:34.421689,18FECA97,8,00 FF 00 00 00 00 FF FF 
307,2023-01-24,14:39:35.410532,18FECA96,8,00 FF 00 00 00 00 FF FF 
308,2023-01-24,14:39:35.418692,18FECA97,8,00 FF 00 00 00 00 FF FF 
309,2023-01-24,14:39:36.406959,18FECA96,8,00 FF 00 00 00 00 FF FF 
310,2023-01-24,14:39:36.415445,18FECA97,8,00 FF 00 00 00 00 FF FF 
311,2023-01-24,14:39:37.402069,18FECA96,8,00 FF 00 00 00 00 FF FF 
312,2023-01-24,14:39:37.408944,18FECA97,8,00 FF 00 00 00 00 FF FF 
313,2023-01-24,14:39:38.400027,18FECA96,8,00 FF 00 00 00 00 FF FF 
314,2023-01-24,14:39:38.409173,18FECA97,8,00 FF 00 00 00 00 FF FF 
315,2023-01-24,14:39:39.396388,18FECA96,8,00 FF 00 00 00 00 FF FF 
316,2023-01-24,14:39:39.404666,18FECA97,8,00 FF 00 00 00 00 FF FF 
317,2023-01-24,14:39:40.392861,18FECA96,8,00 FF 00 00 00 00 FF FF 
318,2023-01-24,14:39:40.401477,18FECA97,8,00 FF 00 00 00 00 FF FF 
319,2023-01-24,14:39:41.389354,18FECA96,8,00 FF 00 00 00 00 FF FF 
320,2023-01-24,14:39:41.397212,18FECA97,8,00 FF 00 00 00 00 FF FF 
321,2023-01-24,14:39:42.385452,18FECA96,8,00 FF 00 00 00 00 FF FF 
322,2023-01-24,14:39:42.393535,18FECA97,8,00 FF 00 00 00 00 FF FF 
323,2023-01-24,14:39:43.381922,18FECA96,8,00 FF 00 00 00 00 FF FF 
324,2023-01-24,14:39:43.389391,18FECA97,8,00 FF 00 00 00 00 FF FF 
325,2023-01-24,14:39:43.543270,18EAFFFE,3,00 EE 00 
326,2023-01-24,14:39:43.548914,18EEFF96,8,88 06 20 5A 04 81 0C A0 
327,2023-01-24,14:39:43.552364,18EEFF97,8,88 06 20 5A 0C 81 0C A0 
328,2023-01-24,14:39:44.538102,18FECA96,8,00 FF 00 00 00 00 FF FF 
329,2023-01-24,14:39:44.546767,18FECA97,8,00 FF 00 00 00 00 FF FF 
330,2023-01-24,14:39:44.825372,18EEFF80,8,C8 09 AE 46 00 80 0C A0 
331,2023-01-24,14:39:45.818544,18FECA96,8,00 FF 00 00 00 00 FF FF 
332,2023-01-24,14:39:45.826298,18FECA97,8,00 FF 00 00 00 00 FF FF 
333,2023-01-24,14:39:46.814630,18FECA96,8,00 FF 00 00 00 00 FF FF 
334,2023-01-24,14:39:46.822188,18FECA97,8,00 FF 00 00 00 00 FF FF 
335,2023-01-24,14:39:47.811248,18FECA96,8,00 FF 00 00 00 00 FF FF 
336,2023-01-24,14:39:47.818834,18FECA97,8,00 FF 00 00 00 00 FF FF 
337,2023-01-24,14:39:48.807766,18FECA96,8,00 FF 00 00 00 00 FF FF 
338,2023-01-24,14:39:48.815342,18FECA97,8,00 FF 00 00 00 00 FF FF 
339,2023-01-24,14:39:49.806767,18FECA96,8,00 FF 00 00 00 00 FF FF 
340,2023-01-24,14:39:49.813835,18FECA97,8,00 FF 00 00 00 00 FF FF 
341,2023-01-24,14:39:50.800985,18FECA96,8,00 FF 00 00 00 00 FF FF 
342,2023-01-24,14:39:50.809337,18FECA97,8,00 FF 00 00 00 00 FF FF 
343,2023-01-24,14:39:51.797576,18FECA96,8,00 FF 00 00 00 00 FF FF 
344,2023-01-24,14:39:51.804972,18FECA97,8,00 FF 00 00 00 00 FF FF 
345,2023-01-24,14:39:52.793757,18FECA96,8,00 FF 00 00 00 00 FF FF 
346,2023-01-24,14:39:52.834191,18FECA97,8,00 FF 00 00 00 00 FF FF 
347,2023-01-24,14:39:53.790753,18FECA96,8,00 FF 00 00 00 00 FF FF 
348,2023-01-24,14:39:53.798905,18FECA97,8,00 FF 00 00 00 00 FF FF 
349,2023-01-24,14:39:54.787219,18FECA96,8,00 FF 00 00 00 00 FF FF 
350,2023-01-24,14:39:54.795492,18FECA97,8,00 FF 00 00 00 00 FF FF 
351,2023-01-24,14:39:55.783669,18FECA96,8,00 FF 00 00 00 00 FF FF 
352,2023-01-24,14:39:55.792167,18FECA97,8,00 FF 00 00 00 00 FF FF 
353,2023-01-24,14:39:56.780351,18FECA96,8,00 FF 00 00 00 00 FF FF 
354,2023-01-24,14:39:56.792118,18FECA97,8,00 FF 00 00 00 00 FF FF 
355,2023-01-24,14:39:57.776444,18FECA96,8,00 FF 00 00 00 00 FF FF 
356,2023-01-24,14:39:57.784022,18FECA97,8,00 FF 00 00 00 00 FF FF 
357,2023-01-24,14:39:58.772885,18FECA96,8,00 FF 00 00 00 00 FF FF 
358,2023-01-24,14:39:58.782001,18FECA97,8,00 FF 00 00 00 00 FF FF 
359,2023-01-24,14:39:59.769366,18FECA96,8,00 FF 00 00 00 00 FF FF 
360,2023-01-24,14:39:59.778662,18FECA97,8,00 FF 00 00 00 00 FF FF 
361,2023-01-24,14:40:00.765860,18FECA96,8,00 FF 00 00 00 00 FF FF 
362,2023-01-24,14:40:00.775931,18FECA97,8,00 FF 00 00 00 00 FF FF 
363,2023-01-24,14:40:01.762349,18FECA96,8,00 FF 00 00 00 00 FF FF 
364,2023-01-24,14:40:01.771459,18FECA97,8,00 FF 00 00 00 00 FF FF 
365,2023-01-24,14:40:02.758796,18FECA96,8,00 FF 00 00 00 00 FF FF 
366,2023-01-24,14:40:02.767204,18FECA97,8,00 FF 00 00 00 00 FF FF 
367,2023-01-24,14:40:03.755245,18FECA96,8,00 FF 00 00 00 00 FF FF 
368,2023-01-24,14:40:03.763831,18FECA97,8,00 FF 00 00 00 00 FF FF 
369,2023-01-24,14:40:04.751867,18FECA96,8,00 FF 00 00 00 00 FF FF 
370,2023-01-24,14:40:04.759090,18FECA97,8,00 FF 00 00 00 00 FF FF 
371,2023-01-24,14:40:05.748421,18FECA96,8,00 FF 00 00 00 00 FF FF 
372,2023-01-24,14:40:05.756651,18FECA97,8,00 FF 00 00 00 00 FF FF 
373,2023-01-24,14:40:06.744722,18FECA96,8,00 FF 00 00 00 00 FF FF 
374,2023-01-24,14:40:06.753060,18FECA97,8,00 FF 00 00 00 00 FF FF 
375,2023-01-24,14:40:07.741327,18FECA96,8,00 FF 00 00 00 00 FF FF 
376,2023-01-24,14:40:07.749960,18FECA97,8,00 FF 00 00 00 00 FF FF 
377,2023-01-24,14:40:08.737615,18FECA96,8,00 FF 00 00 00 00 FF FF 
378,2023-01-24,14:40:08.745998,18FECA97,8,00 FF 00 00 00 00 FF FF 
379,2023-01-24,14:40:09.733993,18FECA96,8,00 FF 00 00 00 00 FF FF 
380,2023-01-24,14:40:09.748271,18FECA97,8,00 FF 00 00 00 00 FF FF 
381,2023-01-24,14:40:10.730693,18FECA96,8,00 FF 00 00 00 00 FF FF 
382,2023-01-24,14:40:10.738838,18FECA97,8,00 FF 00 00 00 00 FF FF 
383,2023-01-24,14:40:11.727061,18FECA96,8,00 FF 00 00 00 00 FF FF 
384,2023-01-24,14:40:11.735202,18FECA97,8,00 FF 00 00 00 00 FF FF 
385,2023-01-24,14:40:12.723555,18FECA96,8,00 FF 00 00 00 00 FF FF 
386,2023-01-24,14:40:12.732084,18FECA97,8,00 FF 00 00 00 00 FF FF 
387,2023-01-24,14:40:13.720198,18FECA96,8,00 FF 00 00 00 00 FF FF 
388,2023-01-24,14:40:13.728510,18FECA97,8,00 FF 00 00 00 00 FF FF 
389,2023-01-24,14:40:14.716614,18FECA96,8,00 FF 00 00 00 00 FF FF 
390,2023-01-24,14:40:14.724883,18FECA97,8,00 FF 00 00 00 00 FF FF 
391,2023-01-24,14:40:15.713611,18FECA96,8,00 FF 00 00 00 00 FF FF 
392,2023-01-24,14:40:15.722436,18FECA97,8,00 FF 00 00 00 00 FF FF 
393,2023-01-24,14:40:16.710039,18FECA96,8,00 FF 00 00 00 00 FF FF 
394,2023-01-24,14:40:16.718178,18FECA97,8,00 FF 00 00 00 00 FF FF 
395,2023-01-24,14:40:17.706377,18FECA96,8,00 FF 00 00 00 00 FF FF 
396,2023-01-24,14:40:17.714918,18FECA97,8,00 FF 00 00 00 00 FF FF 
397,2023-01-24,14:40:17.870837,18EAFFFE,3,00 EE 00 
398,2023-01-24,14:40:17.880910,18EEFF96,8,88 06 20 5A 04 81 0C A0 
399,2023-01-24,14:40:17.888041,18EEFF97,8,88 06 20 5A 0C 81 0C A0 
400,2023-01-24,14:40:18.862209,18FECA96,8,00 FF 00 00 00 00 FF FF 
401,2023-01-24,14:40:18.872603,18FECA97,8,00 FF 00 00 00 00 FF FF 
402,2023-01-24,14:40:19.148529,18EEFF80,8,C8 09 AE 46 00 80 0C A0 
403,2023-01-24,14:40:20.142474,18FECA96,8,00 FF 00 00 00 00 FF FF 
404,2023-01-24,14:40:20.150989,18FECA97,8,00 FF 00 00 00 00 FF FF 
405,2023-01-24,14:40:21.139064,18FECA96,8,00 FF 00 00 00 00 FF FF 
406,2023-01-24,14:40:21.148309,18FECA97,8,00 FF 00 00 00 00 FF FF 
407,2023-01-24,14:40:22.135503,18FECA96,8,00 FF 00 00 00 00 FF FF 
408,2023-01-24,14:40:22.143647,18FECA97,8,00 FF 00 00 00 00 FF FF 
409,2023-01-24,14:40:23.132515,18FECA96,8,00 FF 00 00 00 00 FF FF 
410,2023-01-24,14:40:23.141293,18FECA97,8,00 FF 00 00 00 00 FF FF 
411,2023-01-24,14:40:24.128572,18FECA96,8,00 FF 00 00 00 00 FF FF 
412,2023-01-24,14:40:24.137018,18FECA97,8,00 FF 00 00 00 00 FF FF 
413,2023-01-24,14:40:25.125054,18FECA96,8,00 FF 00 00 00 00 FF FF 
414,2023-01-24,14:40:25.134023,18FECA97,8,00 FF 00 00 00 00 FF FF 
415,2023-01-24,14:40:26.120407,18FECA96,8,00 FF 00 00 00 00 FF FF 
416,2023-01-24,14:40:26.129505,18FECA97,8,00 FF 00 00 00 00 FF FF 
417,2023-01-24,14:40:27.117530,18FECA96,8,00 FF 00 00 00 00 FF FF 
418,2023-01-24,14:40:27.125702,18FECA97,8,00 FF 00 00 00 00 FF FF 
419,2023-01-24,14:40:28.114807,18FECA96,8,00 FF 00 00 00 00 FF FF 
420,2023-01-24,14:40:28.123394,18FECA97,8,00 FF 00 00 00 00 FF FF 
421,2023-01-24,14:40:29.111340,18FECA96,8,00 FF 00 00 00 00 FF FF 
422,2023-01-24,14:40:29.119602,18FECA97,8,00 FF 00 00 00 00 FF FF 
423,2023-01-24,14:40:30.107717,18FECA96,8,00 FF 00 00 00 00 FF FF 
424,2023-01-24,14:40:30.116226,18FECA97,8,00 FF 00 00 00 00 FF FF 
425,2023-01-24,14:40:31.104199,18FECA96,8,00 FF 00 00 00 00 FF FF 
426,2023-01-24,14:40:31.112551,18FECA97,8,00 FF 00 00 00 00 FF FF 
427,2023-01-24,14:40:32.100688,18FECA96,8,00 FF 00 00 00 00 FF FF 
428,2023-01-24,14:40:32.108341,18FECA97,8,00 FF 00 00 00 00 FF FF 
429,2023-01-24,14:40:33.097339,18FECA96,8,00 FF 00 00 00 00 FF FF 
430,2023-01-24,14:40:33.105471,18FECA97,8,00 FF 00 00 00 00 FF FF 
431,2023-01-24,14:40:34.098046,18FECA96,8,00 FF 00 00 00 00 FF FF 
432,2023-01-24,14:40:34.103708,18FECA97,8,00 FF 00 00 00 00 FF FF 
433,2023-01-24,14:40:35.090030,18FECA96,8,00 FF 00 00 00 00 FF FF 
434,2023-01-24,14:40:35.098448,18FECA97,8,00 FF 00 00 00 00 FF FF 
435,2023-01-24,14:40:36.086092,18FECA96,8,00 FF 00 00 00 00 FF FF 
436,2023-01-24,14:40:36.094069,18FECA97,8,00 FF 00 00 00 00 FF FF 
437,2023-01-24,14:40:37.082423,18FECA96,8,00 FF 00 00 00 00 FF FF 
438,2023-01-24,14:40:37.090460,18FECA97,8,00 FF 00 00 00 00 FF FF 
439,2023-01-24,14:40:38.078828,18FECA96,8,00 FF 00 00 00 00 FF FF 
440,2023-01-24,14:40:38.087615,18FECA97,8,00 FF 00 00 00 00 FF FF 
441,2023-01-24,14:40:39.075234,18FECA96,8,00 FF 00 00 00 00 FF FF 
442,2023-01-24,14:40:39.088864,18FECA97,8,00 FF 00 00 00 00 FF FF 
443,2023-01-24,14:40:40.071832,18FECA96,8,00 FF 00 00 00 00 FF FF 
444,2023-01-24,14:40:40.080345,18FECA97,8,00 FF 00 00 00 00 FF FF 
445,2023-01-24,14:40:41.068162,18FECA96,8,00 FF 00 00 00 00 FF FF 
446,2023-01-24,14:40:41.076430,18FECA97,8,00 FF 00 00 00 00 FF FF 
447,2023-01-24,14:40:42.064512,18FECA96,8,00 FF 00 00 00 00 FF FF 
448,2023-01-24,14:40:42.072931,18FECA97,8,00 FF 00 00 00 00 FF FF 
449,2023-01-24,14:40:43.061014,18FECA96,8,00 FF 00 00 00 00 FF FF 
450,2023-01-24,14:40:43.072405,18FECA97,8,00 FF 00 00 00 00 FF FF 
451,2023-01-24,14:40:44.057371,18FECA96,8,00 FF 00 00 00 00 FF FF 
452,2023-01-24,14:40:44.065632,18FECA97,8,00 FF 00 00 00 00 FF FF 
453,2023-01-24,14:40:45.053776,18FECA96,8,00 FF 00 00 00 00 FF FF 
454,2023-01-24,14:40:45.062192,18FECA97,8,00 FF 00 00 00 00 FF FF 
455,2023-01-24,14:40:46.050336,18FECA96,8,00 FF 00 00 00 00 FF FF 
456,2023-01-24,14:40:46.058589,18FECA97,8,00 FF 00 00 00 00 FF FF 
457,2023-01-24,14:40:47.046537,18FECA96,8,00 FF 00 00 00 00 FF FF 
458,2023-01-24,14:40:47.054832,18FECA97,8,00 FF 00 00 00 00 FF FF 
459,2023-01-24,14:40:48.042999,18FECA96,8,00 FF 00 00 00 00 FF FF 
460,2023-01-24,14:40:48.051291,18FECA97,8,00 FF 00 00 00 00 FF FF 
461,2023-01-24,14:40:49.039407,18FECA96,8,00 FF 00 00 00 00 FF FF 
462,2023-01-24,14:40:49.046924,18FECA97,8,00 FF 00 00 00 00 FF FF 
463,2023-01-24,14:40:50.036290,18FECA96,8,00 FF 00 00 00 00 FF FF 
464,2023-01-24,14:40:50.044037,18FECA97,8,00 FF 00 00 00 00 FF FF 
465,2023-01-24,14:40:51.032769,18FECA96,8,00 FF 00 00 00 00 FF FF 
466,2023-01-24,14:40:51.041286,18FECA97,8,00 FF 00 00 00 00 FF FF 
467,2023-01-24,14:40:52.029189,18FECA96,8,00 FF 00 00 00 00 FF FF 
468,2023-01-24,14:40:52.037624,18FECA97,8,00 FF 00 00 00 00 FF FF 
469,2023-01-24,14:40:52.193341,18EAFFFE,3,00 EE 00 
470,2023-01-24,14:40:52.199950,18EEFF96,8,88 06 20 5A 04 81 0C A0 
471,2023-01-24,14:40:52.204588,18EEFF97,8,88 06 20 5A 0C 81 0C A0 
472,2023-01-24,14:40:53.190160,18FECA96,8,00 FF 00 00 00 00 FF FF 
473,2023-01-24,14:40:53.198737,18FECA97,8,00 FF 00 00 00 00 FF FF 
474,2023-01-24,14:40:53.474323,18EEFF80,8,C8 09 AE 46 00 80 0C A0 
475,2023-01-24,14:40:54.470145,18FECA96,8,00 FF 00 00 00 00 FF FF 
476,2023-01-24,14:40:54.478276,18FECA97,8,00 FF 00 00 00 00 FF FF 
477,2023-01-24,14:40:55.469413,18FECA96,8,00 FF 00 00 00 00 FF FF 
478,2023-01-24,14:40:55.476499,18FECA97,8,00 FF 00 00 00 00 FF FF 
479,2023-01-24,14:40:56.463056,18FECA96,8,00 FF 00 00 00 00 FF FF 
480,2023-01-24,14:40:56.471541,18FECA97,8,00 FF 00 00 00 00 FF FF 
481,2023-01-24,14:40:57.459356,18FECA96,8,00 FF 00 00 00 00 FF FF 
482,2023-01-24,14:40:57.474121,18FECA97,8,00 FF 00 00 00 00 FF FF 
483,2023-01-24,14:40:58.455833,18FECA96,8,00 FF 00 00 00 00 FF FF 
484,2023-01-24,14:40:58.464258,18FECA97,8,00 FF 00 00 00 00 FF FF 
485,2023-01-24,14:40:59.452383,18FECA96,8,00 FF 00 00 00 00 FF FF 
486,2023-01-24,14:40:59.460533,18FECA97,8,00 FF 00 00 00 00 FF FF 
487,2023-01-24,14:41:00.448799,18FECA96,8,00 FF 00 00 00 00 FF FF 
488,2023-01-24,14:41:00.457081,18FECA97,8,00 FF 00 00 00 00 FF FF 
489,2023-01-24,14:41:01.445389,18FECA96,8,00 FF 00 00 00 00 FF FF 
490,2023-01-24,14:41:01.455000,18FECA97,8,00 FF 00 00 00 00 FF FF 
491,2023-01-24,14:41:02.442402,18FECA96,8,00 FF 00 00 00 00 FF FF 
492,2023-01-24,14:41:02.451091,18FECA97,8,00 FF 00 00 00 00 FF FF 
493,2023-01-24,14:41:03.438417,18FECA96,8,00 FF 00 00 00 00 FF FF 
494,2023-01-24,14:41:03.446894,18FECA97,8,00 FF 00 00 00 00 FF FF 
495,2023-01-24,14:41:04.434980,18FECA96,8,00 FF 00 00 00 00 FF FF 
496,2023-01-24,14:41:04.443647,18FECA97,8,00 FF 00 00 00 00 FF FF 
497,2023-01-24,14:41:05.431526,18FECA96,8,00 FF 00 00 00 00 FF FF 
498,2023-01-24,14:41:05.439814,18FECA97,8,00 FF 00 00 00 00 FF FF 
499,2023-01-24,14:41:06.426962,18FECA96,8,00 FF 00 00 00 00 FF FF 
500,2023-01-24,14:41:06.434621,18FECA97,8,00 FF 00 00 00 00 FF FF 
501,2023-01-24,14:41:07.424754,18FECA96,8,00 FF 00 00 00 00 FF FF 
502,2023-01-24,14:41:07.433834,18FECA97,8,00 FF 00 00 00 00 FF FF 
503,2023-01-24,14:41:08.421112,18FECA96,8,00 FF 00 00 00 00 FF FF 
504,2023-01-24,14:41:08.430406,18FECA97,8,00 FF 00 00 00 00 FF FF 
505,2023-01-24,14:41:09.416365,18FECA96,8,00 FF 00 00 00 00 FF FF 
506,2023-01-24,14:41:09.423899,18FECA97,8,00 FF 00 00 00 00 FF FF 
507,2023-01-24,14:41:10.412966,18FECA96,8,00 FF 00 00 00 00 FF FF 
508,2023-01-24,14:41:10.420546,18FECA97,8,00 FF 00 00 00 00 FF FF 
509,2023-01-24,14:41:11.409574,18FECA96,8,00 FF 00 00 00 00 FF FF 
510,2023-01-24,14:41:11.420171,18FECA97,8,00 FF 00 00 00 00 FF FF 
511,2023-01-24,14:41:12.405908,18FECA96,8,00 FF 00 00 00 00 FF FF 
512,2023-01-24,14:41:12.413416,18FECA97,8,00 FF 00 00 00 00 FF FF 
513,2023-01-24,14:41:13.402445,18FECA96,8,00 FF 00 00 00 00 FF FF 
514,2023-01-24,14:41:13.409640,18FECA97,8,00 FF 00 00 00 00 FF FF 
515,2023-01-24,14:41:14.400210,18FECA96,8,00 FF 00 00 00 00 FF FF 
516,2023-01-24,14:41:14.407588,18FECA97,8,00 FF 00 00 00 00 FF FF 
517,2023-01-24,14:41:15.396627,18FECA96,8,00 FF 00 00 00 00 FF FF 
518,2023-01-24,14:41:15.404917,18FECA97,8,00 FF 00 00 00 00 FF FF 
519,2023-01-24,14:41:16.392034,18FECA96,8,00 FF 00 00 00 00 FF FF 
520,2023-01-24,14:41:16.399557,18FECA97,8,00 FF 00 00 00 00 FF FF 
521,2023-01-24,14:41:17.390188,18FECA96,8,00 FF 00 00 00 00 FF FF 
522,2023-01-24,14:41:17.398606,18FECA97,8,00 FF 00 00 00 00 FF FF 
523,2023-01-24,14:41:18.386635,18FECA96,8,00 FF 00 00 00 00 FF FF 
524,2023-01-24,14:41:18.395590,18FECA97,8,00 FF 00 00 00 00 FF FF 
525,2023-01-24,14:41:19.383113,18FECA96,8,00 FF 00 00 00 00 FF FF 
526,2023-01-24,14:41:19.390931,18FECA97,8,00 FF 00 00 00 00 FF FF 
527,2023-01-24,14:41:20.379693,18FECA96,8,00 FF 00 00 00 00 FF FF 
528,2023-01-24,14:41:20.388655,18FECA97,8,00 FF 00 00 00 00 FF FF 
529,2023-01-24,14:41:21.376072,18FECA96,8,00 FF 00 00 00 00 FF FF 
530,2023-01-24,14:41:21.384766,18FECA97,8,00 FF 00 00 00 00 FF FF 
531,2023-01-24,14:41:22.372789,18FECA96,8,00 FF 00 00 00 00 FF FF 
532,2023-01-24,14:41:22.381361,18FECA97,8,00 FF 00 00 00 00 FF FF 
533,2023-01-24,14:41:23.369220,18FECA96,8,00 FF 00 00 00 00 FF FF 
534,2023-01-24,14:41:23.378171,18FECA97,8,00 FF 00 00 00 00 FF FF 
535,2023-01-24,14:41:24.365608,18FECA96,8,00 FF 00 00 00 00 FF FF 
536,2023-01-24,14:41:24.400801,18FECA97,8,00 FF 00 00 00 00 FF FF 
537,2023-01-24,14:41:25.362247,18FECA96,8,00 FF 00 00 00 00 FF FF 
538,2023-01-24,14:41:25.371430,18FECA97,8,00 FF 00 00 00 00 FF FF 
539,2023-01-24,14:41:26.358587,18FECA96,8,00 FF 00 00 00 00 FF FF 
540,2023-01-24,14:41:26.365944,18FECA97,8,00 FF 00 00 00 00 FF FF 
541,2023-01-24,14:41:26.516869,18EAFFFE,3,00 EE 00 
542,2023-01-24,14:41:26.523212,18EEFF96,8,88 06 20 5A 04 81 0C A0 
543,2023-01-24,14:41:26.527514,18EEFF97,8,88 06 20 5A 0C 81 0C A0 
544,2023-01-24,14:41:27.514876,18FECA96,8,00 FF 00 00 00 00 FF FF 
545,2023-01-24,14:41:27.518096,18FECA97,8,00 FF 00 00 00 00 FF FF 
546,2023-01-24,14:41:27.797848,18EEFF80,8,C8 09 AE 46 00 80 0C A0 
547,2023-01-24,14:41:28.793394,18FECA96,8,00 FF 00 00 00 00 FF FF 
548,2023-01-24,14:41:28.800701,18FECA97,8,00 FF 00 00 00 00 FF FF 
549,2023-01-24,14:41:29.789873,18FECA96,8,00 FF 00 00 00 00 FF FF 
550,2023-01-24,14:41:29.797588,18FECA97,8,00 FF 00 00 00 00 FF FF 
551,2023-01-24,14:41:30.786203,18FECA96,8,00 FF 00 00 00 00 FF FF 
552,2023-01-24,14:41:30.793400,18FECA97,8,00 FF 00 00 00 00 FF FF 
553,2023-01-24,14:41:31.782716,18FECA96,8,00 FF 00 00 00 00 FF FF 
554,2023-01-24,14:41:31.789973,18FECA97,8,00 FF 00 00 00 00 FF FF 
555,2023-01-24,14:41:32.781903,18FECA96,8,00 FF 00 00 00 00 FF FF 
556,2023-01-24,14:41:32.789111,18FECA97,8,00 FF 00 00 00 00 FF FF 
557,2023-01-24,14:41:33.777089,18FECA96,8,00 FF 00 00 00 00 FF FF 
558,2023-01-24,14:41:33.785719,18FECA97,8,00 FF 00 00 00 00 FF FF 
559,2023-01-24,14:41:34.773524,18FECA96,8,00 FF 00 00 00 00 FF FF 
560,2023-01-24,14:41:34.781155,18FECA97,8,00 FF 00 00 00 00 FF FF 
561,2023-01-24,14:41:35.770083,18FECA96,8,00 FF 00 00 00 00 FF FF 
562,2023-01-24,14:41:35.778183,18FECA97,8,00 FF 00 00 00 00 FF FF 
563,2023-01-24,14:41:36.766532,18FECA96,8,00 FF 00 00 00 00 FF FF 
564,2023-01-24,14:41:36.795018,18FECA97,8,00 FF 00 00 00 00 FF FF 
565,2023-01-24,14:41:37.762719,18FECA96,8,00 FF 00 00 00 00 FF FF 
566,2023-01-24,14:41:37.770935,18FECA97,8,00 FF 00 00 00 00 FF FF 
567,2023-01-24,14:41:38.759197,18FECA96,8,00 FF 00 00 00 00 FF FF 
568,2023-01-24,14:41:38.767712,18FECA97,8,00 FF 00 00 00 00 FF FF 
569,2023-01-24,14:41:39.755759,18FECA96,8,00 FF 00 00 00 00 FF FF 
570,2023-01-24,14:41:39.763073,18FECA97,8,00 FF 00 00 00 00 FF FF 
571,2023-01-24,14:41:40.752338,18FECA96,8,00 FF 00 00 00 00 FF FF 
572,2023-01-24,14:41:40.760979,18FECA97,8,00 FF 00 00 00 00 FF FF 
573,2023-01-24,14:41:41.747514,18FECA96,8,00 FF 00 00 00 00 FF FF 
574,2023-01-24,14:41:41.756701,18FECA97,8,00 FF 00 00 00 00 FF FF 
575,2023-01-24,14:41:42.745145,18FECA96,8,00 FF 00 00 00 00 FF FF 
576,2023-01-24,14:41:42.753496,18FECA97,8,00 FF 00 00 00 00 FF FF 
577,2023-01-24,14:41:43.741601,18FECA96,8,00 FF 00 00 00 00 FF FF 
578,2023-01-24,14:41:43.749760,18FECA97,8,00 FF 00 00 00 00 FF FF 
579,2023-01-24,14:41:44.737599,18FECA96,8,00 FF 00 00 00 00 FF FF 
580,2023-01-24,14:41:44.746598,18FECA97,8,00 FF 00 00 00 00 FF FF 
581,2023-01-24,14:41:45.734379,18FECA96,8,00 FF 00 00 00 00 FF FF 
582,2023-01-24,14:41:45.742664,18FECA97,8,00 FF 00 00 00 00 FF FF 
583,2023-01-24,14:41:46.729623,18FECA96,8,00 FF 00 00 00 00 FF FF 
584,2023-01-24,14:41:46.738108,18FECA97,8,00 FF 00 00 00 00 FF FF 
585,2023-01-24,14:41:47.726177,18FECA96,8,00 FF 00 00 00 00 FF FF 
586,2023-01-24,14:41:47.734937,18FECA97,8,00 FF 00 00 00 00 FF FF 
587,2023-01-24,14:41:48.723867,18FECA96,8,00 FF 00 00 00 00 FF FF 
588,2023-01-24,14:41:48.733908,18FECA97,8,00 FF 00 00 00 00 FF FF 
589,2023-01-24,14:41:49.720274,18FECA96,8,00 FF 00 00 00 00 FF FF 
590,2023-01-24,14:41:49.727991,18FECA97,8,00 FF 00 00 00 00 FF FF 
591,2023-01-24,14:41:50.716580,18FECA96,8,00 FF 00 00 00 00 FF FF 
592,2023-01-24,14:41:50.725991,18FECA97,8,00 FF 00 00 00 00 FF FF 
593,2023-01-24,14:41:51.712935,18FECA96,8,00 FF 00 00 00 00 FF FF 
594,2023-01-24,14:41:51.720691,18FECA97,8,00 FF 00 00 00 00 FF FF 
595,2023-01-24,14:41:52.709303,18FECA96,8,00 FF 00 00 00 00 FF FF 
596,2023-01-24,14:41:52.717698,18FECA97,8,00 FF 00 00 00 00 FF FF 
597,2023-01-24,14:41:53.705718,18FECA96,8,00 FF 00 00 00 00 FF FF 
598,2023-01-24,14:41:53.713787,18FECA97,8,00 FF 00 00 00 00 FF FF 
599,2023-01-24,14:41:54.702074,18FECA96,8,00 FF 00 00 00 00 FF FF 
600,2023-01-24,14:41:54.710631,18FECA97,8,00 FF 00 00 00 00 FF FF 
601,2023-01-24,14:41:55.698417,18FECA96,8,00 FF 00 00 00 00 FF FF 
602,2023-01-24,14:41:55.710764,18FECA97,8,00 FF 00 00 00 00 FF FF 
603,2023-01-24,14:41:56.694865,18FECA96,8,00 FF 00 00 00 00 FF FF 
604,2023-01-24,14:41:56.703180,18FECA97,8,00 FF 00 00 00 00 FF FF 
605,2023-01-24,14:41:57.690843,18FECA96,8,00 FF 00 00 00 00 FF FF 
606,2023-01-24,14:41:57.706653,18FECA97,8,00 FF 00 00 00 00 FF FF 
607,2023-01-24,14:41:58.686794,18FECA96,8,00 FF 00 00 00 00 FF FF 
608,2023-01-24,14:41:58.696356,18FECA97,8,00 FF 00 00 00 00 FF FF 
609,2023-01-24,14:41:59.683195,18FECA96,8,00 FF 00 00 00 00 FF FF 
610,2023-01-24,14:41:59.691077,18FECA97,8,00 FF 00 00 00 00 FF FF 
611,2023-01-24,14:42:00.680971,18FECA96,8,00 FF 00 00 00 00 FF FF 
612,2023-01-24,14:42:00.696919,18FECA97,8,00 FF 00 00 00 00 FF FF 
613,2023-01-24,14:42:00.841739,18EAFFFE,3,00 EE 00 
614,2023-01-24,14:42:00.847674,18EEFF96,8,88 06 20 5A 04 81 0C A0 
615,2023-01-24,14:42:00.852200,18EEFF97,8,88 06 20 5A 0C 81 0C A0 
616,2023-01-24,14:42:01.836742,18FECA96,8,00 FF 00 00 00 00 FF FF 
617,2023-01-24,14:42:01.845645,18FECA97,8,00 FF 00 00 00 00 FF FF 
618,2023-01-24,14:42:02.123692,18EEFF80,8,C8 09 AE 46 00 80 0C A0 
619,2023-01-24,14:42:03.117365,18FECA96,8,00 FF 00 00 00 00 FF FF 
620,2023-01-24,14:42:03.126113,18FECA97,8,00 FF 00 00 00 00 FF FF 
621,2023-01-24,14:42:04.113822,18FECA96,8,00 FF 00 00 00 00 FF FF 
622,2023-01-24,14:42:04.121198,18FECA97,8,00 FF 00 00 00 00 FF FF 
623,2023-01-24,14:42:05.110404,18FECA96,8,00 FF 00 00 00 00 FF FF 
624,2023-01-24,14:42:05.118732,18FECA97,8,00 FF 00 00 00 00 FF FF 
625,2023-01-24,14:42:06.106894,18FECA96,8,00 FF 00 00 00 00 FF FF 
626,2023-01-24,14:42:06.115000,18FECA97,8,00 FF 00 00 00 00 FF FF 
627,2023-01-24,14:42:07.105823,18FECA96,8,00 FF 00 00 00 00 FF FF 
628,2023-01-24,14:42:07.112182,18FECA97,8,00 FF 00 00 00 00 FF FF 
629,2023-01-24,14:42:08.100645,18FECA96,8,00 FF 00 00 00 00 FF FF 
630,2023-01-24,14:42:08.109174,18FECA97,8,00 FF 00 00 00 00 FF FF 
631,2023-01-24,14:42:09.095418,18FECA96,8,00 FF 00 00 00 00 FF FF 
632,2023-01-24,14:42:09.102539,18FECA97,8,00 FF 00 00 00 00 FF FF 
633,2023-01-24,14:42:10.092411,18FECA96,8,00 FF 00 00 00 00 FF FF 
634,2023-01-24,14:42:10.100018,18FECA97,8,00 FF 00 00 00 00 FF FF 
635,2023-01-24,14:42:11.087800,18FECA96,8,00 FF 00 00 00 00 FF FF 
636,2023-01-24,14:42:11.093352,18FECA97,8,00 FF 00 00 00 00 FF FF 
637,2023-01-24,14:42:12.084412,18FECA96,8,00 FF 00 00 00 00 FF FF 
638,2023-01-24,14:42:12.087671,18FECA97,8,00 FF 00 00 00 00 FF FF 
639,2023-01-24,14:42:13.083082,18FECA96,8,00 FF 00 00 00 00 FF FF 
640,2023-01-24,14:42:13.091300,18FECA97,8,00 FF 00 00 00 00 FF FF 
641,2023-01-24,14:42:14.079257,18FECA96,8,00 FF 00 00 00 00 FF FF 
642,2023-01-24,14:42:14.086929,18FECA97,8,00 FF 00 00 00 00 FF FF 
643,2023-01-24,14:42:15.074670,18FECA96,8,00 FF 00 00 00 00 FF FF 
644,2023-01-24,14:42:15.081953,18FECA97,8,00 FF 00 00 00 00 FF FF 
645,2023-01-24,14:42:16.072261,18FECA96,8,00 FF 00 00 00 00 FF FF 
646,2023-01-24,14:42:16.080099,18FECA97,8,00 FF 00 00 00 00 FF FF 
